sample_id,survey_id,lon,lat,sequence,size
1,1749,-124.03974,48.82262,ACTGCACACGCAACACACAACAGCCAGCTCGAAAGTTAGC,2.3
2,1748,-124.03974,48.82801,ACTGCACACGCAACACACAATAGACAGCTCGAAAGTTAGC,5.2
3,1749,-124.03429,48.82532,ACTGCACACGCACCACACAAAAGGCAGCTCGAAAGTTAGC,4.3
4,1781,-124.19018,48.87251,ACTGCACACGCACCACACAATAGTCAGCTCGAAAGTTAGC,3.3
5,1790,-124.17419,48.82302,ACTGCACACGCACCACACAATATACAGCTCGAAAGTTAGC,2.2
6,1803,-124.4593,48.92719,ACTGCACACGCAGCACACAAGACACAGCTCGAAAGTTAGC,4.0
7,1790,-124.17283,48.82123,ACTGCACACGCATCACACAAAAAACAGCTCGAAAGTTAGC,5.1
8,1749,-124.03838,48.82532,ACTGCACACGCATCACACAAAAAACAGCTCGAAAGTTAGC,9.9
9,1749,-124.03702,48.82442,ACTGCACACGCATCACACAAAAACCAGCTCGAAAGTTAGC,47.0
10,1755,-124.04247,48.82352,ACTGCACACGCATCACACAAAAGACAGCTCGAAAGTTAGC,4.0
11,1790,-124.1701,48.81673,ACTGCACACGCATCACACAAAAGACAGCTCGAAAGTTAGC,2.1
12,1748,-124.04519,48.82712,ACTGCACACGCATCACACAAAAGACAGCTCGAAAGTTAGC,3.4
13,1755,-124.03838,48.82801,ACTGCACACGCATCACACAAAAGACAGCTCGAAAGTTAGC,1.0
14,1790,-124.16874,48.81853,ACTGCACACGCATCACACAAAAGACAGCTCGAAAGTTAGC,5.0
15,1781,-124.18882,48.87251,ACTGCACACGCATCACACAAAAGGCAGCTCGAAAGTTAGC,4.3
16,1781,-124.18746,48.8797,ACTGCACACGCATCACACAAAATACAGCTCGAAAGTTAGC,2.7
17,1781,-124.19427,48.87611,ACTGCACACGCATCACACAAGAGGCAGCTCGAAAGTTAGC,5.2
18,1790,-124.17283,48.82213,ACTGCACACGCATCACACAATAGACAGCTCGAAAGTTAGC,5.2
19,1781,-124.18609,48.8797,ACTGCACACGCATCACACAATAGCCAGCTCGAAAGTTAGC,3.7
20,1748,-124.03566,48.82172,ACTGCACACGCATCACACAATATACAGCTCGAAAGTTAGC,1.3
21,1755,-124.04247,48.82352,ACTGCACACGCCGCACACAAAAGACAGCTCGAAAGTTAGC,2.9
22,1803,-124.45657,48.9227,ACTGCACACGCCTCACACAAAAGACAGCTCGAAAGTTAGC,4.4
23,1748,-124.03429,48.82532,ACTGCACACGCCTCACACAAAAGACAGCTCGAAAGTTAGC,2.1
24,1755,-124.0343,48.82442,ACTGCACACGCCTCACACAAAAGACAGCTCGAAAGTTAGC,2.5
25,1803,-124.4593,48.9254,ACTGCACACGCCTCACACAAAAGACAGCTCGAAAGTTAGC,2.3
26,1749,-124.04519,48.82622,ACTGCACACGCCTCACACAAAAGACAGCTCGAAAGTTAGC,4.8
27,1749,-124.04247,48.82172,ACTGCACACGCCTCACACAAAAGCCAGCTCGAAAGTTAGC,1.8
28,1803,-124.45111,48.92719,ACTGCACACGCCTCACACAAAAGGCAGCTCGAAAGTTAGC,2.5
29,1790,-124.16602,48.82302,ACTGCACACGCCTCACACAAAAGTCAGCTCGAAAGTTAGC,5.4
30,1781,-124.19427,48.87791,ACTGCACACGCCTCACACAAAATACAGCTCGAAAGTTAGC,1.1
31,1781,-124.19018,48.87701,ACTGCACACGCCTCACACAAAATACAGCTCGAAAGTTAGC,4.0
32,1749,-124.03566,48.82352,ACTGCACACGCCTCACACAACAGACAGCTCGAAAGTTAGC,1.2
33,1755,-124.04247,48.82262,ACTGCACACGCCTCACACAACAGACAGCTCGAAAGTTAGC,5.4
34,1790,-124.1701,48.81763,ACTGCACACGCGTCACACAAAACACAGCTCGAAAGTTAGC,1.9
35,1755,-124.04247,48.82712,ACTGCACACGCGTCACACAAAACGCAGCTCGAAAGTTAGC,1.2
36,1790,-124.17146,48.82123,ACTGCACACGCGTCACACAACAGACAGCTCGAAAGTTAGC,4.4
37,1749,-124.03429,48.82711,ACTGCACACGCTACACACAAAAGACAGCTCGAAAGTTAGC,2.3
38,1749,-124.03566,48.82172,ACTGCACACGCTACACACAAAAGACAGCTCGAAAGTTAGC,3.8
39,1803,-124.45657,48.9209,ACTGCACACGCTACACACAAAAGACAGCTCGAAAGTTAGC,0.6
40,1749,-124.04383,48.82712,ACTGCACACGCTACACACAAAAGGCAGCTCGAAAGTTAGC,4.2
41,1781,-124.197,48.87431,ACTGCACACGCTACACACAACACACAGCTCGAAAGTTAGC,1.1
42,1790,-124.16602,48.81763,ACTGCACACGCTACACACAAGAGTCAGCTCGAAAGTTAGC,5.1
43,1790,-124.17283,48.82033,ACTGCACACGCTCCACACAAAAGACAGCTCGAAAGTTAGC,4.6
44,1803,-124.45657,48.9227,ACTGCACACGCTCCACACAAAAGACAGCTCGAAAGTTAGC,4.1
45,1748,-124.03429,48.82891,ACTGCACACGCTCCACACAAAAGGCAGCTCGAAAGTTAGC,2.1
46,1781,-124.18609,48.87341,ACTGCACACGCTCCACACAACAGTCAGCTCGAAAGTTAGC,4.3
47,1755,-124.04383,48.82891,ACTGCACACGCTCCACACAAGAGACAGCTCGAAAGTTAGC,0.9
48,1790,-124.16466,48.81943,ACTGCACACGCTGCACACAAAAGACAGCTCGAAAGTTAGC,1.3
49,1803,-124.44975,48.9218,ACTGCACACGCTGCACACAAAAGCCAGCTCGAAAGTTAGC,4.2
50,1749,-124.04247,48.82712,ACTGCACACGCTGCACACAAGACACAGCTCGAAAGTTAGC,3.2
51,1790,-124.1701,48.81673,ACTGCACACGCTTCACACAAAAAACAGCTCGAAAGTTAGC,5.5
52,1781,-124.18882,48.87791,ACTGCACACGCTTCACACAAAAACCAGCTCGAAAGTTAGC,2.1
53,1748,-124.04247,48.82172,ACTGCACACGCTTCACACAAAAAGCAGCTCGAAAGTTAGC,4.7
54,1755,-124.03429,48.82891,ACTGCACACGCTTCACACAAAAAGCAGCTCGAAAGTTAGC,3.1
55,1803,-124.45657,48.9254,ACTGCACACGCTTCACACAAAAAGCAGCTCGAAAGTTAGC,8.3
56,1781,-124.19564,48.8797,ACTGCACACGCTTCACACAAAACACAGCTCGAAAGTTAGC,5.3
57,1781,-124.19018,48.8797,ACTGCACACGCTTCACACAAAACACAGCTCGAAAGTTAGC,3.8
58,1803,-124.45384,48.9245,ACTGCACACGCTTCACACAAAACACAGCTCGAAAGTTAGC,5.3
59,1748,-124.04383,48.82172,ACTGCACACGCTTCACACAAAACACAGCTCGAAAGTTAGC,3.7
60,1803,-124.45521,48.9263,ACTGCACACGCTTCACACAAAACACAGCTCGAAAGTTAGC,2.1
61,1755,-124.04519,48.82352,ACTGCACACGCTTCACACAAAACACAGCTCGAAAGTTAGC,2.9
62,1790,-124.16738,48.81943,ACTGCACACGCTTCACACAAAACACAGCTCGAAAGTTAGC,1.2
63,1781,-124.19291,48.87341,ACTGCACACGCTTCACACAAAACACAGCTCGAAAGTTAGC,1.5
64,1749,-124.04519,48.82801,ACTGCACACGCTTCACACAAAAGACAGCTCGAAAGTTAGC,4.4
65,1803,-124.45657,48.9218,ACTGCACACGCTTCACACAAAAGACAGCTCGAAAGTTAGC,2.6
66,1755,-124.04247,48.82442,ACTGCACACGCTTCACACAAAAGACAGCTCGAAAGTTAGC,4.6
67,1790,-124.16874,48.82213,ACTGCACACGCTTCACACAAAAGACAGCTCGAAAGTTAGC,2.1
68,1755,-124.03429,48.82891,ACTGCACACGCTTCACACAAAAGACAGCTCGAAAGTTAGC,4.5
69,1749,-124.04383,48.82172,ACTGCACACGCTTCACACAAAAGACAGCTCGAAAGTTAGC,2.6
70,1790,-124.16602,48.82392,ACTGCACACGCTTCACACAAAAGACAGCTCGAAAGTTAGC,5.5
71,1803,-124.45657,48.9236,ACTGCACACGCTTCACACAAAAGACAGCTCGAAAGTTAGC,2.0
72,1748,-124.0343,48.82352,ACTGCACACGCTTCACACAAAAGACAGCTCGAAAGTTAGC,2.7
73,1749,-124.0411,48.82262,ACTGCACACGCTTCACACAAAAGACAGCTCGAAAGTTAGC,2.9
74,1749,-124.0343,48.82172,ACTGCACACGCTTCACACAAAAGACAGCTCGAAAGTTAGC,1.4
75,1748,-124.03702,48.82801,ACTGCACACGCTTCACACAAAAGACAGCTCGAAAGTTAGC,2.5
76,1781,-124.19155,48.87791,ACTGCACACGCTTCACACAAAAGACAGCTCGAAAGTTAGC,4.3
77,1748,-124.03702,48.82172,ACTGCACACGCTTCACACAAAAGCCAGCTCGAAAGTTAGC,4.5
78,1755,-124.03974,48.82442,ACTGCACACGCTTCACACAAAAGCCAGCTCGAAAGTTAGC,4.8
79,1781,-124.19564,48.87521,ACTGCACACGCTTCACACAAAAGGCAGCTCGAAAGTTAGC,1.2
80,1790,-124.16874,48.81673,ACTGCACACGCTTCACACAAAAGGCAGCTCGAAAGTTAGC,1.5
81,1790,-124.17283,48.81673,ACTGCACACGCTTCACACAAAAGGCAGCTCGAAAGTTAGC,4.6
82,1748,-124.03429,48.82622,ACTGCACACGCTTCACACAAAAGGCAGCTCGAAAGTTAGC,3.0
83,1781,-124.18609,48.87431,ACTGCACACGCTTCACACAAAAGGCAGCTCGAAAGTTAGC,4.6
84,1748,-124.04247,48.82622,ACTGCACACGCTTCACACAAAAGTCAGCTCGAAAGTTAGC,3.3
85,1749,-124.04383,48.82442,ACTGCACACGCTTCACACAAAATACAGCTCGAAAGTTAGC,2.1
86,1748,-124.04519,48.82622,ACTGCACACGCTTCACACAAAATACAGCTCGAAAGTTAGC,4.4
87,1749,-124.04519,48.82622,ACTGCACACGCTTCACACAAAATACAGCTCGAAAGTTAGC,4.3
88,1749,-124.04519,48.82442,ACTGCACACGCTTCACACAAAATGCAGCTCGAAAGTTAGC,2.3
89,1748,-124.03566,48.82801,ACTGCACACGCTTCACACAAAATGCAGCTCGAAAGTTAGC,3.6
90,1748,-124.04383,48.82172,ACTGCACACGCTTCACACAAAATGCAGCTCGAAAGTTAGC,3.6
91,1803,-124.45248,48.9245,ACTGCACACGCTTCACACAACACACAGCTCGAAAGTTAGC,2.3
92,1781,-124.19564,48.87521,ACTGCACACGCTTCACACAACAGCCAGCTCGAAAGTTAGC,1.6
93,1803,-124.45657,48.9218,ACTGCACACGCTTCACACAACAGCCAGCTCGAAAGTTAGC,4.8
94,1755,-124.03566,48.82352,ACTGCACACGCTTCACACAACAGGCAGCTCGAAAGTTAGC,1.4
95,1755,-124.03566,48.82532,ACTGCACACGCTTCACACAACAGGCAGCTCGAAAGTTAGC,3.8
96,1755,-124.03566,48.82891,ACTGCACACGCTTCACACAAGAAACAGCTCGAAAGTTAGC,1.7
97,1790,-124.17555,48.81673,ACTGCACACGCTTCACACAAGAGCCAGCTCGAAAGTTAGC,2.6
98,1781,-124.197,48.87521,ACTGCACACGCTTCACACAATACCCAGCTCGAAAGTTAGC,1.4
99,1790,-124.16874,48.82033,ACTGCACACGCTTCACACAATAGACAGCTCGAAAGTTAGC,1.6
100,1755,-124.04519,48.82891,ACTGCACACGCTTCACACAATAGACAGCTCGAAAGTTAGC,4.5
